"0",""
"0","library(gt)"
"0","library(tidyverse)"
"0","library(glue)"
"0","library(Hmisc)"
"0","library(gtsummary)"
"0","library(scales)"
"0","library(pacman)"
"0","library(patchwork)"
"0","library(tidyverse)"
"0","library(ROCit)"
"0","library(gridExtra)"
"0","library(GGally)"
"0","library(magrittr)"
"0","library(janitor)"
"0","library(bstfun)"
"0","library(pROC)"
"0","library(ggridges)"
"0","library(forestplot)"
"0","library(finalfit)"
"0","library(ggradar)"
"0","library(cowplot)"
"0","pacman::p_load(rio,           # import/export"
"0","               naniar,        # assess and visualize missingness"
"0","               mice)  "
"0",""
